,Organization,Sponsorship Category,Final Allocation,Org Category,Years of Sponsorship
0,ASUC Mental Health Commission,GOVT,"$3,000",ASUC Chartered Programs and Commissions,
1,ASUC Mental Health Commisssion Chair Stipend,STIPEND,"$1,500",ASUC Chartered Programs and Commissions,
2,ASUC Mental Health Commission Director Stipends,STIPEND,"$1,000",ASUC Chartered Programs and Commissions,
3,ASUC Housing Commission,GOVT,"$3,000",ASUC Chartered Programs and Commissions,
4,ASUC Housing Commission Chair Stipend,STIPEND,"$1,250",ASUC Chartered Programs and Commissions,
5,ASUC Housing Commussion Vice Chair Stipend,STIPEND,$750,ASUC Chartered Programs and Commissions,
6,ASUC Financial Wellness Commission,GOVT,SPONSORSHIP ONLY (ABSA),ASUC Chartered Programs and Commissions,
7,ASUC Sexual Violence Commission,GOVT,SPONSORSHIP ONLY (ABSA),ASUC Chartered Programs and Commissions,
8,ASUC Disabled Students Commission,GOVT,"$6,000",ASUC Chartered Programs and Commissions,
9,ASUC Disabled Students Commission Co-Chair Stipends ($1000 each),STIPEND,"$2,000",ASUC Chartered Programs and Commissions,
10,ASUC Intimate Partner Violence Commission,GOVT,SPONSORSHIP ONLY (ABSA),ASUC Chartered Programs and Commissions,
11,ASUC Sustainability Commission,GOVT,"$5,000",ASUC Chartered Programs and Commissions,
12,ASUC Sustainablity Commission Co-Chair Stipends ($1000 each),STIPEND,"$2,000",ASUC Chartered Programs and Commissions,
13,ASUC Health Advocacy Commission,GOVT,"$4,500",ASUC Chartered Programs and Commissions,
14,ASUC Health Advocacy Commission Co-Chair Stipends ($1000 each),STIPEND,"$2,000",ASUC Chartered Programs and Commissions,
15,ASUC Menstrual Equity Commission,GOVT,"$1,000",ASUC Chartered Programs and Commissions,
16,ASUC Menstrual Equity Commission Co-Chair Stipends ($1000 each),STIPEND,"$2,000",ASUC Chartered Programs and Commissions,
17,ASUC Diversity Affairs Commission,GOVT,SPONSORSHIP ONLY (ABSA),ASUC Chartered Programs and Commissions,
18,"ASUC Student Union Programming, Entertainment, and Recreation Board",GOVT,"$25,000",ASUC Chartered Programs and Commissions,
19,CalTV,GOVT,"$10,000",ASUC Chartered Programs and Commissions,
20,ASUC Publications and Media Board,GOVT,"$12,000",ASUC Chartered Programs and Commissions,
21,Innovative Design,GOVT,"$7,500",ASUC Chartered Programs and Commissions,
22,Open Computing Facility,GOVT,"$40,630",ASUC Chartered Programs and Commissions,
23,DeCal Board,GOVT,"$5,000",ASUC Chartered Programs and Commissions,
24,ASUC Student Legal Clinic,GOVT,"$2,400",ASUC Chartered Programs and Commissions,
25,ASUC Grant & Scholarship Foundation,GOVT,"$5,000",ASUC Chartered Programs and Commissions,
26,ASUC Grant & Scholarship Foundation Director Stipends,STIPEND,"$2,000",ASUC Chartered Programs and Commissions,
27,Asian American Research Journal,Publication (PUB),"$1,000",Publications (PUB) Registered Student Organizations,3
28,Atrium,Publication (PUB),$900,Publications (PUB) Registered Student Organizations,2
29,BARE Magazine,Publication (PUB),"$5,000",Publications (PUB) Registered Student Organizations,11
30,Berkeley Economic Review,Publication (PUB),$800,Publications (PUB) Registered Student Organizations,4
31,Berkeley Fiction Review,Publication (PUB),"$2,856",Publications (PUB) Registered Student Organizations,40
32,Berkeley Poetry Review,Publication (PUB),"$1,277",Publications (PUB) Registered Student Organizations,28
33,"Berkeley Political Review, The",Publication (PUB),"$7,050",Publications (PUB) Registered Student Organizations,21
34,Berkeley Scientific Journal,Publication (PUB),"$2,900",Publications (PUB) Registered Student Organizations,7
35,Blue and Gold Yearbook,Publication (PUB),$800,Publications (PUB) Registered Student Organizations,9
36,Caliber Magazine,Publication (PUB),"$7,000",Publications (PUB) Registered Student Organizations,14
37,Caravan Travel & Style Magazine,Publication (PUB),"$4,000",Publications (PUB) Registered Student Organizations,6
38,Caught on Film,Publication (PUB),$700,Publications (PUB) Registered Student Organizations,2
39,Clio's Scroll,Publication (PUB),"$1,640",Publications (PUB) Registered Student Organizations,23
40,Comparative Literature Publication Association (formerly known as Comparative Literature Undergraduate Journal/ Vagabond),Publication (PUB),$900,Publications (PUB) Registered Student Organizations,3
41,DIASPORA Magazine,Publication (PUB),$700,Publications (PUB) Registered Student Organizations,2
42,Gia Magazine (under QARC),Publication (PUB),SPONSORSHIP ONLY (ABSA),Publications (PUB) Registered Student Organizations,4
43,Her Campus of Berkeley,Publication (PUB),"$1,000",Publications (PUB) Registered Student Organizations,3
44,"Heuristic Squelch, The",Publication (PUB),"$8,000",Publications (PUB) Registered Student Organizations,27
45,Maganda Magazine,Publication (PUB),"$2,363",Publications (PUB) Registered Student Organizations,33
46,Odd Yard Zine,Publication (PUB),SPONSORSHIP ONLY (ABSA),Publications (PUB) Registered Student Organizations,1
47,Perennial: The Undergraduate Environmental Journal of Berkeley,Publication (PUB),$800,Publications (PUB) Registered Student Organizations,3
48,Perspective Magazine,Publication (PUB),"$2,400",Publications (PUB) Registered Student Organizations,26
49,Public Health Advocate,Publication (PUB),"$2,900",Publications (PUB) Registered Student Organizations,19
50,Spoon University at Berkeley,Publication (PUB),$300,Publications (PUB) Registered Student Organizations,9
51,"Free Peach, The",Publication (PUB),$900,Publications (PUB) Registered Student Organizations,2
52,Threads (formerly Al-Bayan),Publication (PUB),"$11,200",Publications (PUB) Registered Student Organizations,24
53,To An Unknown God,Publication (PUB),"$3,000",Publications (PUB) Registered Student Organizations,14
54,Vagabond Multilingual Journal,Publication (PUB),$700,Publications (PUB) Registered Student Organizations,1
55,180 Degrees Consulting at Berkeley,Student Activity Group (SAG),$800,Student Activity Groups (SAG),8
56,3D Modeling and Animation at Berkeley,Student Activity Group (SAG),$800,Student Activity Groups (SAG),5
57,AAAA - Furries at Berkeley,Student Activity Group (SAG),$500,Student Activity Groups (SAG),2
58,ABA,Student Activity Group (SAG),SPONSORSHIP ONLY (ABSA),Student Activity Groups (SAG),6
59,Abba Modern,Student Activity Group (SAG),$640,Student Activity Groups (SAG),7
60,acts2fellowship,Student Activity Group (SAG),"$5,120",Student Activity Groups (SAG),22
61,Aerial and Pole Club at Berkeley,Student Activity Group (SAG),$400,Student Activity Groups (SAG),1
62,Aerospace SAE (under ESC),Student Activity Group (SAG),SPONSORSHIP ONLY (ABSA),Student Activity Groups (SAG),3
63,Afghan Student Association,Student Activity Group (SAG),"$4,400",Student Activity Groups (SAG),15
64,AFX Dance,Student Activity Group (SAG),SPONSORSHIP ONLY (ABSA),Student Activity Groups (SAG),11
65,AI Entrepreneurs at Berkeley,Student Activity Group (SAG),$400,Student Activity Groups (SAG),1
66,Aion,Student Activity Group (SAG),$500,Student Activity Groups (SAG),2
67,Air Bears - Skydiving Club at Berkeley,Student Activity Group (SAG),$500,Student Activity Groups (SAG),1
68,"Alpha Epsilon Zeta Fraternity, Inc.",Student Activity Group (SAG),$400,Student Activity Groups (SAG),17
69,"Alpha Phi Alpha Fraternity, Inc.",Student Activity Group (SAG),"$6,400",Student Activity Groups (SAG),20
70,Alpha Phi Omega,Student Activity Group (SAG),"$4,300",Student Activity Groups (SAG),36
71,American Advertising Federation,Student Activity Group (SAG),$450,Student Activity Groups (SAG),8
72,American Chemical Society at Berkeley Student Chapter,Student Activity Group (SAG),$500,Student Activity Groups (SAG),8
73,American Institute of Aeronautics and Astronautics at Berkeley,Student Activity Group (SAG),$400,Student Activity Groups (SAG),1
74,American Institute of Architecture Students,Student Activity Group (SAG),$420,Student Activity Groups (SAG),13
75,American Medical Students Association: Berkeley Premedical Chapter,Student Activity Group (SAG),"$2,000",Student Activity Groups (SAG),25
76,American Medical Women's Association at Berkeley,Student Activity Group (SAG),"$1,600",Student Activity Groups (SAG),8
77,American Nuclear Society (under ESC),Student Activity Group (SAG),SPONSORSHIP ONLY (ABSA),Student Activity Groups (SAG),8
78,American Sign Language at Berkeley,Student Activity Group (SAG),$500,Student Activity Groups (SAG),2
79,American Society of Civil Engineers (under ESC),Student Activity Group (SAG),SPONSORSHIP ONLY (ABSA),Student Activity Groups (SAG),8
80,American Society of Mechanical Engineers (under ESC),Student Activity Group (SAG),SPONSORSHIP ONLY (ABSA),Student Activity Groups (SAG),3
81,Anthropology Undergraduate Association,Student Activity Group (SAG),$400,Student Activity Groups (SAG),5
82,Arab Student Union,Student Activity Group (SAG),$500,Student Activity Groups (SAG),12
83,Argentine Tango Club of Berkeley,Student Activity Group (SAG),$400,Student Activity Groups (SAG),4
84,Armenian Student Association,Student Activity Group (SAG),$500,Student Activity Groups (SAG),1
85,Arnold Air Society,Student Activity Group (SAG),"$1,250",Student Activity Groups (SAG),6
86,Art and Mind,Student Activity Group (SAG),$500,Student Activity Groups (SAG),6
87,Artists in Resonance,Student Activity Group (SAG),"$1,500",Student Activity Groups (SAG),9
88,ASCEND,Student Activity Group (SAG),"$1,200",Student Activity Groups (SAG),15
89,"Asha for Education, Berkeley",Student Activity Group (SAG),"$3,700",Student Activity Groups (SAG),18
90,Asian American Association,Student Activity Group (SAG),"$4,000",Student Activity Groups (SAG),26
91,Asian American and Pacific Islander Health Research Group,Student Activity Group (SAG),$650,Student Activity Groups (SAG),3
92,Asian Pacific American Pre-Law Association,Student Activity Group (SAG),$500,Student Activity Groups (SAG),1
93,Association for Muslim Professional Development,Student Activity Group (SAG),"$2,800",Student Activity Groups (SAG),16
94,Association for Socially Responsible Business,Student Activity Group (SAG),$500,Student Activity Groups (SAG),6
95,Association of Chinese Entrepreneurs at Berkeley,Student Activity Group (SAG),$650,Student Activity Groups (SAG),3
96,Association of Molecular Environmental Biologists in Academia,Student Activity Group (SAG),$400,Student Activity Groups (SAG),1
97,Association of Women in EE&CS (under ESC),Student Activity Group (SAG),SPONSORSHIP ONLY (ABSA),Student Activity Groups (SAG),2
98,Aurum Cosmetics,Student Activity Group (SAG),$400,Student Activity Groups (SAG),5
99,Azaad,Student Activity Group (SAG),$800,Student Activity Groups (SAG),5
100,Azure,Student Activity Group (SAG),$400,Student Activity Groups (SAG),1
101,Ballet Company at Berkeley,Student Activity Group (SAG),"$1,760",Student Activity Groups (SAG),12
102,Ballet Folklorico Reflejos del Sol,Student Activity Group (SAG),$960,Student Activity Groups (SAG),10
103,Bangali Student Association at Berkeley,Student Activity Group (SAG),$400,Student Activity Groups (SAG),1
104,Bay Advisory Group,Student Activity Group (SAG),$300,Student Activity Groups (SAG),1
105,Bay Area Environmentally Aware Consulting Network,Student Activity Group (SAG),SPONSORSHIP ONLY (ABSA),Student Activity Groups (SAG),13
106,Bear Power Fund,Student Activity Group (SAG),"$1,000",Student Activity Groups (SAG),4
107,Bears for Birds - Audubon at Berkeley,Student Activity Group (SAG),$500,Student Activity Groups (SAG),3
108,Behavioral Economics Association at Berkeley,Student Activity Group (SAG),$650,Student Activity Groups (SAG),2
109,BERC Undergraduate,Student Activity Group (SAG),$500,Student Activity Groups (SAG),4
110,Berkeley Ballroom Dancers,Student Activity Group (SAG),$800,Student Activity Groups (SAG),9
111,Berkeley Business Society,Student Activity Group (SAG),SPONSORSHIP ONLY (ABSA),Student Activity Groups (SAG),6
112,Berkeley Chinese Students and Scholars Association,Student Activity Group (SAG),"$4,000",Student Activity Groups (SAG),17
113,Berkeley Environmental Economics and Policy Students,Student Activity Group (SAG),$400,Student Activity Groups (SAG),1
114,Berkeley Innovation,Student Activity Group (SAG),SPONSORSHIP ONLY (ABSA),Student Activity Groups (SAG),7
115,Berkeley Investment Group,Student Activity Group (SAG),$400,Student Activity Groups (SAG),1
116,Berkeley Model United Nations Conference (Formerly known as Berkeley Model United Nations),Student Activity Group (SAG),SPONSORSHIP ONLY (ABSA),Student Activity Groups (SAG),5
117,Berkeley Organization for Animal Advocacy,Student Activity Group (SAG),$630,Student Activity Groups (SAG),8
118,Berkeley Tennis Association (Formerly Tennis at Cal),Student Activity Group (SAG),$800,Student Activity Groups (SAG),6
119,Berkeley Women in Business,Student Activity Group (SAG),$800,Student Activity Groups (SAG),19
120,Best Laid Plans,Student Activity Group (SAG),$400,Student Activity Groups (SAG),5
121,Big Data at Berkeley,Student Activity Group (SAG),$500,Student Activity Groups (SAG),5
122,Bike Builders of Berkeley (under ESC),Student Activity Group (SAG),SPONSORSHIP ONLY (ABSA),Student Activity Groups (SAG),1
123,BioE Mentor Program,Student Activity Group (SAG),$400,Student Activity Groups (SAG),2
124,Bioengineering Honor Society (under ESC),Student Activity Group (SAG),SPONSORSHIP ONLY (ABSA),Student Activity Groups (SAG),6
125,BioethiCAL,Student Activity Group (SAG),$400,Student Activity Groups (SAG),1
126,Biofuels Technology Club (under ESC),Student Activity Group (SAG),SPONSORSHIP ONLY (ABSA),Student Activity Groups (SAG),5
127,Biomedical Engineering Society (under ESC),Student Activity Group (SAG),SPONSORSHIP ONLY (ABSA),Student Activity Groups (SAG),4
128,Black Pre-Law Association at Berkeley,Student Activity Group (SAG),$375,Student Activity Groups (SAG),6
129,Black Sociological Alliance,Student Activity Group (SAG),$400,Student Activity Groups (SAG),1
130,Blockeley,Student Activity Group (SAG),$500,Student Activity Groups (SAG),4
131,Board Games at Berkeley,Student Activity Group (SAG),$400,Student Activity Groups (SAG),1
132,Bone Health Initiative,Student Activity Group (SAG),$700,Student Activity Groups (SAG),8
133,Brazilian jiu-jitsu at Berkeley,Student Activity Group (SAG),$400,Student Activity Groups (SAG),1
134,Brazilian Student Association at Berkeley,Student Activity Group (SAG),$500,Student Activity Groups (SAG),1
135,BridgeUSA at Berkeley,Student Activity Group (SAG),"$1,450",Student Activity Groups (SAG),6
136,Burmese Students Association at Berkeley (Formerly: Burma Association at Berkeley),Student Activity Group (SAG),$500,Student Activity Groups (SAG),1
137,Business Careers in Entertainment Club,Student Activity Group (SAG),$500,Student Activity Groups (SAG),3
138,Cal American Civil Liberties Union,Student Activity Group (SAG),$420,Student Activity Groups (SAG),7
139,Cal Berkeley Democrats,Student Activity Group (SAG),"$4,500",Student Activity Groups (SAG),26
140,Cal Bhangra (formerly Golden Bear Competitive Bhangra),Student Activity Group (SAG),"$4,200",Student Activity Groups (SAG),10
141,Cal Chorale,Student Activity Group (SAG),$400,Student Activity Groups (SAG),1
142,Cal Dragon Boat,Student Activity Group (SAG),"$11,900",Student Activity Groups (SAG),20
143,Cal Hawai'i Club,Student Activity Group (SAG),"$3,600",Student Activity Groups (SAG),35
144,Cal Hiking and Outdoor Society,Student Activity Group (SAG),"$6,720",Student Activity Groups (SAG),75
145,Cal in the Capital,Student Activity Group (SAG),"$2,500",Student Activity Groups (SAG),45
146,Cal Japan Club,Student Activity Group (SAG),"$2,800",Student Activity Groups (SAG),16
147,Cal Pre-Vet Club,Student Activity Group (SAG),$400,Student Activity Groups (SAG),13
148,Cal Queer & Asian (under QARC),Student Activity Group (SAG),SPONSORSHIP ONLY (ABSA),Student Activity Groups (SAG),15
149,Cal Super Mileage Vehicle Team,Student Activity Group (SAG),SPONSORSHIP ONLY (ABSA),Student Activity Groups (SAG),4
150,Cal Taiko,Student Activity Group (SAG),"$5,600",Student Activity Groups (SAG),19
151,Cal Undergraduate Public Health Coalition,Student Activity Group (SAG),$800,Student Activity Groups (SAG),19
152,Cal Veterans Group,Student Activity Group (SAG),"$4,250",Student Activity Groups (SAG),14
153,California Mock Trial,Student Activity Group (SAG),"$8,000",Student Activity Groups (SAG),23
154,California Mock Trial (Pre-Waived Travel),TRAVL,"$19,000",Student Activity Groups (SAG),23
155,CalSol (under ESC),Student Activity Group (SAG),SPONSORSHIP ONLY (ABSA),Student Activity Groups (SAG),8
156,Cases over Coffee @ Berkeley,Student Activity Group (SAG),$500,Student Activity Groups (SAG),3
157,Catalyst,Student Activity Group (SAG),$500,Student Activity Groups (SAG),3
158,Catholic Students at Cal - Newman Hall,Student Activity Group (SAG),$500,Student Activity Groups (SAG),3
159,Chi Epsilon - Civil Engineering Honor Society (under ESC),Student Activity Group (SAG),SPONSORSHIP ONLY (ABSA),Student Activity Groups (SAG),8
160,Chicanx/ Latinx Architecture Student Association,Student Activity Group (SAG),$700,Student Activity Groups (SAG),5
161,Chinese Finance Club,Student Activity Group (SAG),$800,Student Activity Groups (SAG),6
162,Chinese Student Association,Student Activity Group (SAG),"$10,200",Student Activity Groups (SAG),34
163,Chinese Undergraduate Pre-Law Student Association,Student Activity Group (SAG),$500,Student Activity Groups (SAG),2
164,Cinematic Arts and Production club,Student Activity Group (SAG),"$4,500",Student Activity Groups (SAG),4
165,Circle K International,Student Activity Group (SAG),"$5,040",Student Activity Groups (SAG),29
166,Clay Club,Student Activity Group (SAG),$400,Student Activity Groups (SAG),1
167,CMG Strategy Consulting (Formerly Creative Marketing Group),Student Activity Group (SAG),SPONSORSHIP ONLY (ABSA),Student Activity Groups (SAG),1
168,Code For Good,Student Activity Group (SAG),$500,Student Activity Groups (SAG),2
169,Codebase,Student Activity Group (SAG),SPONSORSHIP ONLY (ABSA),Student Activity Groups (SAG),7
170,Codeology,Student Activity Group (SAG),"$1,000",Student Activity Groups (SAG),6
171,Codify,Student Activity Group (SAG),$400,Student Activity Groups (SAG),1
172,Coffee Club at Berkeley (CCB),Student Activity Group (SAG),$650,Student Activity Groups (SAG),2
173,Cognitive Science Students Association,Student Activity Group (SAG),$500,Student Activity Groups (SAG),3
174,Combat Robotics at Berkeley,Student Activity Group (SAG),$500,Student Activity Groups (SAG),2
175,Computer Science Undergraduate Association,Student Activity Group (SAG),"$2,000",Student Activity Groups (SAG),49
176,Consciousness Collective at Berkeley,Student Activity Group (SAG),$500,Student Activity Groups (SAG),3
177,Consult Your Community (CYC) at Berkeley,Student Activity Group (SAG),"$2,310",Student Activity Groups (SAG),10
178,Core Consulting Group,Student Activity Group (SAG),$500,Student Activity Groups (SAG),1
179,Creative Applications to Life in Origami,Student Activity Group (SAG),$525,Student Activity Groups (SAG),10
180,Cub Support,Student Activity Group (SAG),$400,Student Activity Groups (SAG),1
181,DAES’ Black Film Collective,Student Activity Group (SAG),$400,Student Activity Groups (SAG),1
182,Dance Creation,Student Activity Group (SAG),$200,Student Activity Groups (SAG),1
183,Dance Games at Berkeley,Student Activity Group (SAG),$500,Student Activity Groups (SAG),3
184,Dance the Bay,Student Activity Group (SAG),"$1,120",Student Activity Groups (SAG),10
185,Danceworx,Student Activity Group (SAG),"$4,000",Student Activity Groups (SAG),27
186,Data Science Society at Berkeley,Student Activity Group (SAG),"$1,760",Student Activity Groups (SAG),8
187,DataGood at Berkeley,Student Activity Group (SAG),$500,Student Activity Groups (SAG),3
188,DataStory,Student Activity Group (SAG),$500,Student Activity Groups (SAG),5
189,Debate Society of Berkeley,Student Activity Group (SAG),"$3,200",Student Activity Groups (SAG),11
190,DeCadence,Student Activity Group (SAG),"$1,995",Student Activity Groups (SAG),23
191,Delta Consulting,Student Activity Group (SAG),SPONSORSHIP ONLY (ABSA),Student Activity Groups (SAG),4
192,Delta Phi Epsilon Co-ed Professional Foreign Service Fraternity,Student Activity Group (SAG),$450,Student Activity Groups (SAG),19
193,Design at Berkeley,Student Activity Group (SAG),$500,Student Activity Groups (SAG),3
194,Dil Se,Student Activity Group (SAG),$640,Student Activity Groups (SAG),8
195,DiversaTech,Student Activity Group (SAG),$400,Student Activity Groups (SAG),4
196,Diversity and Inclusion in Real Estate,Student Activity Group (SAG),$400,Student Activity Groups (SAG),1
197,Drawn to Scale,Student Activity Group (SAG),$800,Student Activity Groups (SAG),11
198,DREAM Campus Ministry,Student Activity Group (SAG),$300,Student Activity Groups (SAG),1
199,Dutch Student Association at Berkeley,Student Activity Group (SAG),$400,Student Activity Groups (SAG),1
200,East Asian Union,Student Activity Group (SAG),"$5,600",Student Activity Groups (SAG),14
201,Eggster Organization,Student Activity Group (SAG),"$3,500",Student Activity Groups (SAG),23
202,EnableTech (under ESC),Student Activity Group (SAG),SPONSORSHIP ONLY (ABSA),Student Activity Groups (SAG),8
203,Engineering Student Council,Student Activity Group (SAG),"$100,000",Student Activity Groups (SAG),33
204,Entomology Club,Student Activity Group (SAG),$500,Student Activity Groups (SAG),1
205,Environmental Sciences Student Association,Student Activity Group (SAG),$650,Student Activity Groups (SAG),3
206,Environmental Team (under ESC),Student Activity Group (SAG),SPONSORSHIP ONLY (ABSA),Student Activity Groups (SAG),3
207,Epsilon Pi at Berkeley (under ESC),Student Activity Group (SAG),SPONSORSHIP ONLY (ABSA),Student Activity Groups (SAG),6
208,Eta Kappa Nu (under ESC),Student Activity Group (SAG),SPONSORSHIP ONLY (ABSA),Student Activity Groups (SAG),8
209,EthiCAL Apparel,Student Activity Group (SAG),$300,Student Activity Groups (SAG),2
210,Eustory at Berkeley,Student Activity Group (SAG),$400,Student Activity Groups (SAG),1
211,Extended Reality @ Berkeley (under ESC),Student Activity Group (SAG),SPONSORSHIP ONLY (ABSA),Student Activity Groups (SAG),3
212,Faces of African Muslims,Student Activity Group (SAG),"$8,000",Student Activity Groups (SAG),6
213,Fashion and Student Trends,Student Activity Group (SAG),"$5,000",Student Activity Groups (SAG),12
214,Fei Tian Dancers,Student Activity Group (SAG),"$2,000",Student Activity Groups (SAG),18
215,Fellowship in Christ in Berkeley,Student Activity Group (SAG),$500,Student Activity Groups (SAG),3
216,Fighting Games at Berkeley,Student Activity Group (SAG),$400,Student Activity Groups (SAG),1
217,Finance Club at Berkeley (BFC) [Formerly Sales and Trading Club at Berkeley],Student Activity Group (SAG),$400,Student Activity Groups (SAG),1
218,Firework Band,Student Activity Group (SAG),$650,Student Activity Groups (SAG),2
219,For Christ's Sake,Student Activity Group (SAG),$500,Student Activity Groups (SAG),4
220,Foresight Pre-Optometry Club,Student Activity Group (SAG),"$1,300",Student Activity Groups (SAG),30
221,Formula Electric at Berkeley (under ESC),Student Activity Group (SAG),SPONSORSHIP ONLY (ABSA),Student Activity Groups (SAG),3
222,Formula SAE (Society of Automotive Engineers) [under ESC],Student Activity Group (SAG),SPONSORSHIP ONLY (ABSA),Student Activity Groups (SAG),7
223,Frontera at Berkeley,Student Activity Group (SAG),$400,Student Activity Groups (SAG),1
224,"Future Business Leaders of America-Phi Beta Lambda, Inc.",Student Activity Group (SAG),"$3,780",Student Activity Groups (SAG),18
225,Game Design and Development at Berkeley,Student Activity Group (SAG),$480,Student Activity Groups (SAG),5
226,Garak,Student Activity Group (SAG),$400,Student Activity Groups (SAG),1
227,Girl UP,Student Activity Group (SAG),$400,Student Activity Groups (SAG),2
228,Global Research and Consulting Group at Berkeley,Student Activity Group (SAG),$650,Student Activity Groups (SAG),3
229,Greeks Against Sexual Assault at Berkeley (GASA),Student Activity Group (SAG),$400,Student Activity Groups (SAG),1
230,Haas Undergraduate Black Business Association,Student Activity Group (SAG),$500,Student Activity Groups (SAG),1
231,Hack the Bay,Student Activity Group (SAG),SPONSORSHIP ONLY (ABSA),Student Activity Groups (SAG),1
232,Hades Scientific,Student Activity Group (SAG),$400,Student Activity Groups (SAG),1
233,Health and Medical Apprenticeship Program,Student Activity Group (SAG),"$10,890",Student Activity Groups (SAG),40
234,Healthcare Consulting Group at Berkeley,Student Activity Group (SAG),$560,Student Activity Groups (SAG),5
235,Henna and Rangoli at Berkeley,Student Activity Group (SAG),$350,Student Activity Groups (SAG),1
236,Hindu Students Council,Student Activity Group (SAG),$500,Student Activity Groups (SAG),1
237,"Hindu YUVA-Youth for Unity, Virtues and Action",Student Activity Group (SAG),$400,Student Activity Groups (SAG),1
238,Hispanic Engineers and Scientists (under ESC),Student Activity Group (SAG),SPONSORSHIP ONLY (ABSA),Student Activity Groups (SAG),6
239,Historical Fencing Club of Berkeley,Student Activity Group (SAG),"$1,200",Student Activity Groups (SAG),5
240,Hmong Student Association at Berkeley,Student Activity Group (SAG),"$3,200",Student Activity Groups (SAG),16
241,HoneyBee,Student Activity Group (SAG),SPONSORSHIP ONLY (ABSA),Student Activity Groups (SAG),1
242,Hong Kong Student Association,Student Activity Group (SAG),"$1,600",Student Activity Groups (SAG),30
243,Human Powered Vehicle (under ESC),Student Activity Group (SAG),SPONSORSHIP ONLY (ABSA),Student Activity Groups (SAG),8
244,IEEE Student Branch (under ESC),Student Activity Group (SAG),SPONSORSHIP ONLY (ABSA),Student Activity Groups (SAG),7
245,iGEM at Berkeley (under ESC),Student Activity Group (SAG),SPONSORSHIP ONLY (ABSA),Student Activity Groups (SAG),6
246,Ignite Ministries,Student Activity Group (SAG),$500,Student Activity Groups (SAG),1
247,Indian Students Association,Student Activity Group (SAG),"$9,600",Student Activity Groups (SAG),20
248,International Consulting Club at Berkeley,Student Activity Group (SAG),$500,Student Activity Groups (SAG),2
249,International Healthcare Association,Student Activity Group (SAG),$500,Student Activity Groups (SAG),4
250,International Students Association at Berkeley,Student Activity Group (SAG),"$4,000",Student Activity Groups (SAG),23
251,InterVarsity Christian Fellowship,Student Activity Group (SAG),"$5,843",Student Activity Groups (SAG),25
252,Invention Corps of Berkeley,Student Activity Group (SAG),"$1,680",Student Activity Groups (SAG),4
253,Iranian Students Cultural Organization,Student Activity Group (SAG),"$7,200",Student Activity Groups (SAG),25
254,Jain Students Association,Student Activity Group (SAG),$800,Student Activity Groups (SAG),6
255,Jericho!,Student Activity Group (SAG),$700,Student Activity Groups (SAG),7
256,Jewish Student Union,Student Activity Group (SAG),SPONSORSHIP ONLY (ABSA),Student Activity Groups (SAG),1
257,Jugger at Berkeley,Student Activity Group (SAG),$900,Student Activity Groups (SAG),6
258,Kairos Dance Co.,Student Activity Group (SAG),$500,Student Activity Groups (SAG),3
259,Kappa Alpha Pi Pre-Law Fraternity,Student Activity Group (SAG),$640,Student Activity Groups (SAG),8
260,Kappa Gamma Delta,Student Activity Group (SAG),$520,Student Activity Groups (SAG),11
261,Kendo Club,Student Activity Group (SAG),$500,Student Activity Groups (SAG),8
262,Kerusso Fellowship,Student Activity Group (SAG),SPONSORSHIP ONLY (ABSA),Student Activity Groups (SAG),1
263,Kickboxing at Berkeley,Student Activity Group (SAG),$250,Student Activity Groups (SAG),1
264,Kidney Disease Screening and Awareness Program,Student Activity Group (SAG),"$2,400",Student Activity Groups (SAG),7
265,Kids in Nutrition,Student Activity Group (SAG),$500,Student Activity Groups (SAG),2
266,Klesis,Student Activity Group (SAG),"$1,200",Student Activity Groups (SAG),10
267,Kojobs at Berkeley,Student Activity Group (SAG),$400,Student Activity Groups (SAG),2
268,Korean American Student Association,Student Activity Group (SAG),"$1,500",Student Activity Groups (SAG),41
269,Korean Performance Group,Student Activity Group (SAG),$520,Student Activity Groups (SAG),8
270,KOSMOS,Student Activity Group (SAG),$500,Student Activity Groups (SAG),3
271,"Lambda Theta Nu Sorority, Inc.",Student Activity Group (SAG),"$1,200",Student Activity Groups (SAG),13
272,"Lambda Theta Phi, Latin Fraternity, Inc.",Student Activity Group (SAG),"$4,000",Student Activity Groups (SAG),17
273,Latin American Leadership Society,Student Activity Group (SAG),"$1,100",Student Activity Groups (SAG),9
274,Launchpad,Student Activity Group (SAG),$480,Student Activity Groups (SAG),7
275,Lavender Alliance at Berkeley (under QARC),Student Activity Group (SAG),SPONSORSHIP ONLY (ABSA),Student Activity Groups (SAG),3
276,Laya of Berkeley,Student Activity Group (SAG),"$2,000",Student Activity Groups (SAG),5
277,Le Cercle Français of Berkeley,Student Activity Group (SAG),$300,Student Activity Groups (SAG),7
278,Lindy on Sproul,Student Activity Group (SAG),"$1,200",Student Activity Groups (SAG),13
279,Linguaphile Student Association,Student Activity Group (SAG),$250,Student Activity Groups (SAG),4
280,Logging Sports Team,Student Activity Group (SAG),$500,Student Activity Groups (SAG),1
281,Machine Learning at Berkeley,Student Activity Group (SAG),$650,Student Activity Groups (SAG),2
282,Mahjong Club,Student Activity Group (SAG),$400,Student Activity Groups (SAG),1
283,Malaysian Student Association at Berkeley,Student Activity Group (SAG),$500,Student Activity Groups (SAG),1
284,Management Consulting Club at Berkeley,Student Activity Group (SAG),$400,Student Activity Groups (SAG),1
285,"Management, Entrepreneurship & Technology Student Board (under ESC)",Student Activity Group (SAG),SPONSORSHIP ONLY (ABSA),Student Activity Groups (SAG),5
286,Mariachi Luz de Oro,Student Activity Group (SAG),$500,Student Activity Groups (SAG),3
287,Materials Science and Engineering Association (under ESC),Student Activity Group (SAG),SPONSORSHIP ONLY (ABSA),Student Activity Groups (SAG),8
288,Maya at Berkeley,Student Activity Group (SAG),$500,Student Activity Groups (SAG),1
289,MI2 @ Berkeley,Student Activity Group (SAG),$400,Student Activity Groups (SAG),2
290,Microfinance at Berkeley,Student Activity Group (SAG),"$1,800",Student Activity Groups (SAG),11
291,Middle Eastern Business Association,Student Activity Group (SAG),$500,Student Activity Groups (SAG),3
292,Minecraft at Berkeley,Student Activity Group (SAG),$432,Student Activity Groups (SAG),4
293,Minorities in Health Conference,Student Activity Group (SAG),$500,Student Activity Groups (SAG),4
294,Molecular and Cell Biology Cell Developmental Neurobiological Association,Student Activity Group (SAG),$600,Student Activity Groups (SAG),9
295,Molecular and Cell Biology Undergraduate Student Association,Student Activity Group (SAG),$900,Student Activity Groups (SAG),9
296,"Movement, The",Student Activity Group (SAG),"$4,956",Student Activity Groups (SAG),23
297,Muslim Student Association,Student Activity Group (SAG),"$21,000",Student Activity Groups (SAG),37
298,Mycology Club at Berkeley,Student Activity Group (SAG),$400,Student Activity Groups (SAG),2
299,Naach at Berkeley,Student Activity Group (SAG),$400,Student Activity Groups (SAG),1
300,Natya at Berkeley,Student Activity Group (SAG),"$2,000",Student Activity Groups (SAG),10
301,Nazakat at Berkeley,Student Activity Group (SAG),$500,Student Activity Groups (SAG),1
302,Nepalese Student Association,Student Activity Group (SAG),$500,Student Activity Groups (SAG),2
303,NeuroNet,Student Activity Group (SAG),$200,Student Activity Groups (SAG),1
304,NewSpace at Berkeley,Student Activity Group (SAG),$650,Student Activity Groups (SAG),2
305,Nigerian Students Association,Student Activity Group (SAG),"$1,600",Student Activity Groups (SAG),7
306,Nikkei Choral Ensemble,Student Activity Group (SAG),$680,Student Activity Groups (SAG),7
307,Nikkei Student Union,Student Activity Group (SAG),"$3,030",Student Activity Groups (SAG),21
308,Omega Psi Phi Fraternity Inc.,Student Activity Group (SAG),$500,Student Activity Groups (SAG),1
309,"Omniscient Tutor, The",Student Activity Group (SAG),$480,Student Activity Groups (SAG),4
310,OPEN at Berkeley,Student Activity Group (SAG),$500,Student Activity Groups (SAG),1
311,Open Project,Student Activity Group (SAG),$500,Student Activity Groups (SAG),1
312,Optimir Consulting,Student Activity Group (SAG),$350,Student Activity Groups (SAG),3
313,Our Monologues (formerly V-Day at Berkeley),Student Activity Group (SAG),$500,Student Activity Groups (SAG),2
314,Outlet,Student Activity Group (SAG),$800,Student Activity Groups (SAG),10
315,Outsiders,Student Activity Group (SAG),$500,Student Activity Groups (SAG),2
316,Pakistani Student Association,Student Activity Group (SAG),"$2,800",Student Activity Groups (SAG),19
317,Palestinian Public Health at UC Berkeley,Student Activity Group (SAG),$500,Student Activity Groups (SAG),3
318,Parliamentary Debate at Berkeley,Student Activity Group (SAG),"$2,800",Student Activity Groups (SAG),13
319,Partnership for Pre-Professional Pilipinxs,Student Activity Group (SAG),"$1,000",Student Activity Groups (SAG),23
320,Perfect Fifth,Student Activity Group (SAG),$400,Student Activity Groups (SAG),1
321,"Phi Alpha Delta Law Fraternity, International",Student Activity Group (SAG),$550,Student Activity Groups (SAG),14
322,Phi Alpha Theta,Student Activity Group (SAG),$400,Student Activity Groups (SAG),20
323,Phi Delta Epsilon,Student Activity Group (SAG),$500,Student Activity Groups (SAG),13
324,Phi Sigma Rho (under ESC),Student Activity Group (SAG),SPONSORSHIP ONLY (ABSA),Student Activity Groups (SAG),7
325,Phoenix Consulting Group,Student Activity Group (SAG),"$1,100",Student Activity Groups (SAG),5
326,Phoenix Symphony at Berkeley,Student Activity Group (SAG),"$4,000",Student Activity Groups (SAG),9
327,Pi Sigma Epsilon,Student Activity Group (SAG),$400,Student Activity Groups (SAG),9
328,Pilipino American Alliance,Student Activity Group (SAG),"$13,230",Student Activity Groups (SAG),33
329,Pilipino Association for Health Careers,Student Activity Group (SAG),"$4,686",Student Activity Groups (SAG),31
330,Pilipino Basketball Association,Student Activity Group (SAG),$250,Student Activity Groups (SAG),1
331,"Pilipinx Association of Scientists, Architects, and Engineers (under ESC)",Student Activity Group (SAG),SPONSORSHIP ONLY (ABSA),Student Activity Groups (SAG),35
332,Pointe of Berkeley,Student Activity Group (SAG),$770,Student Activity Groups (SAG),7
333,Poker at Berkeley,Student Activity Group (SAG),SPONSORSHIP ONLY (ABSA),Student Activity Groups (SAG),1
334,Political Computer Science,Student Activity Group (SAG),$320,Student Activity Groups (SAG),5
335,Potluck Club,Student Activity Group (SAG),$500,Student Activity Groups (SAG),2
336,Pre-Medical Honor Society,Student Activity Group (SAG),"$1,000",Student Activity Groups (SAG),7
337,Pre-PA Club at Berkeley,Student Activity Group (SAG),$400,Student Activity Groups (SAG),1
338,"Pre-Pharmacy Informational, Learning and Leadership Society",Student Activity Group (SAG),"$2,500",Student Activity Groups (SAG),23
339,PreDental Society,Student Activity Group (SAG),"$2,500",Student Activity Groups (SAG),40
340,Prytanean Women's Honor Society,Student Activity Group (SAG),$250,Student Activity Groups (SAG),12
341,Psychedelic Science at Berkeley,Student Activity Group (SAG),$650,Student Activity Groups (SAG),3
342,Puente at Berkeley,Student Activity Group (SAG),"$1,360",Student Activity Groups (SAG),6
343,Punjabi Art Collective,Student Activity Group (SAG),$400,Student Activity Groups (SAG),1
344,Quantum Computing at Berkeley,Student Activity Group (SAG),$400,Student Activity Groups (SAG),2
345,Quidditch League at Berkeley,Student Activity Group (SAG),$200,Student Activity Groups (SAG),15
346,Quiz Bowl Club,Student Activity Group (SAG),$500,Student Activity Groups (SAG),1
347,Ra-On,Student Activity Group (SAG),"$2,750",Student Activity Groups (SAG),13
348,Raas Ramzat,Student Activity Group (SAG),"$1,700",Student Activity Groups (SAG),7
349,Regents' and Chancellor's Scholars Association,Student Activity Group (SAG),$450,Student Activity Groups (SAG),4
350,Review of Human Rights at Berkeley,Student Activity Group (SAG),$150,Student Activity Groups (SAG),2
351,Rhythm at Berkeley,Student Activity Group (SAG),$650,Student Activity Groups (SAG),2
352,Riot Games at Berkeley,Student Activity Group (SAG),$500,Student Activity Groups (SAG),1
353,Rubik's Cube Club at Berkeley,Student Activity Group (SAG),$420,Student Activity Groups (SAG),12
354,Russian Speaking Student Association,Student Activity Group (SAG),$500,Student Activity Groups (SAG),2
355,SAAS (Student Association for Applied Statistics) [Formerly SAAS],Student Activity Group (SAG),SPONSORSHIP ONLY (ABSA),Student Activity Groups (SAG),1
356,Salsa at Cal,Student Activity Group (SAG),SPONSORSHIP ONLY (ABSA),Student Activity Groups (SAG),10
357,Saudi Arabian Association at Berkeley,Student Activity Group (SAG),$650,Student Activity Groups (SAG),2
358,Scholars of Finance,Student Activity Group (SAG),$400,Student Activity Groups (SAG),3
359,Science Olympiad at Berkeley,Student Activity Group (SAG),SPONSORSHIP ONLY (ABSA),Student Activity Groups (SAG),1
360,Seed Base Consulting,Student Activity Group (SAG),$320,Student Activity Groups (SAG),5
361,Sigma Alpha Nu,Student Activity Group (SAG),"$4,000",Student Activity Groups (SAG),13
362,"Sigma Gamma Rho Sorority, Inc.",Student Activity Group (SAG),$400,Student Activity Groups (SAG),1
363,Sigma Omicron Pi,Student Activity Group (SAG),$500,Student Activity Groups (SAG),1
364,Singapore Student Association (formerly Singapore Malaysia Student Association),Student Activity Group (SAG),$400,Student Activity Groups (SAG),4
365,Skateboarding at Berkeley,Student Activity Group (SAG),$500,Student Activity Groups (SAG),2
366,Sketchicho!,Student Activity Group (SAG),$400,Student Activity Groups (SAG),1
367,Society for the Study of Modern Visual Culture at Berkeley,Student Activity Group (SAG),SPONSORSHIP ONLY (ABSA),Student Activity Groups (SAG),2
368,Society of Engineering Sciences (under ESC),Student Activity Group (SAG),SPONSORSHIP ONLY (ABSA),Student Activity Groups (SAG),8
369,Society of Linguistics Undergraduate Students,Student Activity Group (SAG),"$1,000",Student Activity Groups (SAG),4
370,Society of Women Engineers (under ESC),Student Activity Group (SAG),SPONSORSHIP ONLY (ABSA),Student Activity Groups (SAG),8
371,Songwriting at Berkeley,Student Activity Group (SAG),$640,Student Activity Groups (SAG),7
372,Soon Movement,Student Activity Group (SAG),$400,Student Activity Groups (SAG),1
373,Soul,Student Activity Group (SAG),$500,Student Activity Groups (SAG),2
374,South Indian Society,Student Activity Group (SAG),"$4,000",Student Activity Groups (SAG),8
375,Space Enterprise at Berkeley (under ESC),Student Activity Group (SAG),SPONSORSHIP ONLY (ABSA),Student Activity Groups (SAG),7
376,Space Technologies at California (under ESC),Student Activity Group (SAG),SPONSORSHIP ONLY (ABSA),Student Activity Groups (SAG),7
377,Space Technologies and Rocketry (under ESC),Student Activity Group (SAG),SPONSORSHIP ONLY (ABSA),Student Activity Groups (SAG),7
378,SpaceForm,Student Activity Group (SAG),$400,Student Activity Groups (SAG),1
379,Speak Out Now (formerly Students for Social Change),Student Activity Group (SAG),$500,Student Activity Groups (SAG),1
380,Speaker Series: India at Berkeley,Student Activity Group (SAG),$650,Student Activity Groups (SAG),3
381,Splatoon at Berkeley,Student Activity Group (SAG),$400,Student Activity Groups (SAG),1
382,Sports Analytics Group at Berkeley,Student Activity Group (SAG),$760,Student Activity Groups (SAG),4
383,Steel Bridge Competition Team (under ESC),Student Activity Group (SAG),SPONSORSHIP ONLY (ABSA),Student Activity Groups (SAG),8
384,Student Food Collective,Student Activity Group (SAG),$200,Student Activity Groups (SAG),3
385,Student Policy Institute at Berkeley,Student Activity Group (SAG),$500,Student Activity Groups (SAG),1
386,Students for Life at Berkeley,Student Activity Group (SAG),"$2,800",Student Activity Groups (SAG),26
387,Students vs Pandemics at Berkeley,Student Activity Group (SAG),$400,Student Activity Groups (SAG),2
388,Sustainable Housing at California (Formerly THIMBY/Solar Decathlon) [under Community Projects],Student Activity Group (SAG),SPONSORSHIP ONLY (ABSA),Student Activity Groups (SAG),2
389,Taiwanese American Student Association,Student Activity Group (SAG),"$4,500",Student Activity Groups (SAG),26
390,Taiwanese Student Association,Student Activity Group (SAG),"$3,600",Student Activity Groups (SAG),27
391,TAMID Group,Student Activity Group (SAG),SPONSORSHIP ONLY (ABSA),Student Activity Groups (SAG),2
392,TASSEL at Berkeley,Student Activity Group (SAG),$400,Student Activity Groups (SAG),3
393,Taylor Swift Society of Berkeley,Student Activity Group (SAG),$500,Student Activity Groups (SAG),2
394,TBD Comedy,Student Activity Group (SAG),$800,Student Activity Groups (SAG),7
395,Thai American Cultural Association,Student Activity Group (SAG),$403,Student Activity Groups (SAG),2
396,Bearettes Drill Team at Berkeley,Student Activity Group (SAG),"$5,600",Student Activity Groups (SAG),6
397,"Berkeley Forum, The",Student Activity Group (SAG),"$13,800",Student Activity Groups (SAG),13
398,"Californians, The",Student Activity Group (SAG),$500,Student Activity Groups (SAG),4
399,The Dialectic,Student Activity Group (SAG),$500,Student Activity Groups (SAG),1
400,The Footbag Club of Berkeley,Student Activity Group (SAG),$250,Student Activity Groups (SAG),1
401,The IT Club at Berkeley,Student Activity Group (SAG),SPONSORSHIP ONLY (ABSA),Student Activity Groups (SAG),2
402,The Rebel Alliance of California,Student Activity Group (SAG),$300,Student Activity Groups (SAG),1
403,The Wildlife Society at Berkeley,Student Activity Group (SAG),$400,Student Activity Groups (SAG),1
404,Theater For Charity,Student Activity Group (SAG),"$1,848",Student Activity Groups (SAG),20
405,Theta Tau,Student Activity Group (SAG),$400,Student Activity Groups (SAG),5
406,Thrive Dance Company,Student Activity Group (SAG),$960,Student Activity Groups (SAG),10
407,Tiny Dorm at Berkeley,Student Activity Group (SAG),$300,Student Activity Groups (SAG),1
408,Translational Medicine and Stem Cell Association,Student Activity Group (SAG),$500,Student Activity Groups (SAG),4
409,Tri-Service Corps of Cadets,Student Activity Group (SAG),$500,Student Activity Groups (SAG),3
410,UC Berkeley Indus,Student Activity Group (SAG),"$10,000",Student Activity Groups (SAG),34
411,UC Berkeley Model United Nations,Student Activity Group (SAG),"$5,000",Student Activity Groups (SAG),32
412,UC Berkeley Model United Nations (Pre-Waived Travel),TRAVL,"$10,000",Student Activity Groups (SAG),32
413,UC Jazz Ensemble,Student Activity Group (SAG),"$4,500",Student Activity Groups (SAG),35
414,UC Rally Committee,Student Activity Group (SAG),"$70,000",Student Activity Groups (SAG),123
415,Undergraduate Composers Club,Student Activity Group (SAG),$400,Student Activity Groups (SAG),1
416,Undergraduate Economics Association,Student Activity Group (SAG),$400,Student Activity Groups (SAG),21
417,Undergraduate Finance Association|Undergraduate Management Consulting Group,Student Activity Group (SAG),$600,Student Activity Groups (SAG),14
418,Undergraduate Laboratory at Berkeley (ULAB),Student Activity Group (SAG),$700,Student Activity Groups (SAG),4
419,Undergraduate Moot Court Team,Student Activity Group (SAG),$500,Student Activity Groups (SAG),3
420,Undergraduate Real Estate Club,Student Activity Group (SAG),"$2,800",Student Activity Groups (SAG),9
421,Undergraduate Student Council of the College of Environmental Design,Student Activity Group (SAG),$450,Student Activity Groups (SAG),4
422,Underwater Robotics at Berkeley (under ESC),Student Activity Group (SAG),SPONSORSHIP ONLY (ABSA),Student Activity Groups (SAG),3
423,Unity in Christ,Student Activity Group (SAG),$500,Student Activity Groups (SAG),2
424,Unmanned Aerial Vehicles at Berkeley (under ESC),Student Activity Group (SAG),SPONSORSHIP ONLY (ABSA),Student Activity Groups (SAG),8
425,UpSync,Student Activity Group (SAG),"$1,200",Student Activity Groups (SAG),8
426,UWC at Berkeley,Student Activity Group (SAG),$400,Student Activity Groups (SAG),1
427,Valley Consulting Group,Student Activity Group (SAG),SPONSORSHIP ONLY (ABSA),Student Activity Groups (SAG),8
428,Valve@Berkeley,Student Activity Group (SAG),$400,Student Activity Groups (SAG),2
429,Venture Capital at Berkeley,Student Activity Group (SAG),$500,Student Activity Groups (SAG),3
430,Venture Strategy Solutions Consulting,Student Activity Group (SAG),$250,Student Activity Groups (SAG),1
431,Vertical Farming at Berkeley,Student Activity Group (SAG),$400,Student Activity Groups (SAG),2
432,VISION,Student Activity Group (SAG),"$1,680",Student Activity Groups (SAG),12
433,Voyager Consulting,Student Activity Group (SAG),SPONSORSHIP ONLY (ABSA),Student Activity Groups (SAG),2
434,Waterski and Wakeboard Association at Berkeley,Student Activity Group (SAG),$400,Student Activity Groups (SAG),1
435,Wave Makers of Berkeley,Student Activity Group (SAG),$400,Student Activity Groups (SAG),6
436,WE ARE Coalition,Student Activity Group (SAG),$500,Student Activity Groups (SAG),1
437,Womxn in Mathematics at Berkeley,Student Activity Group (SAG),$600,Student Activity Groups (SAG),9
438,Yarn Arts at Berkeley,Student Activity Group (SAG),$215,Student Activity Groups (SAG),1
439,Yemeni Student Association of Berkeley,Student Activity Group (SAG),$500,Student Activity Groups (SAG),1
440,Young Democratic Socialists of America at Berkeley,Student Activity Group (SAG),$480,Student Activity Groups (SAG),5
441,Zahanat,Student Activity Group (SAG),"$1,200",Student Activity Groups (SAG),7
442,Academic and Cultural Enrichment Coaches (under Community Projects),Student-Initiated Service Group (SISG),SPONSORSHIP ONLY (ABSA),Student-Initiated Service Group (SISG),8
443,"Alpha Kappa Alpha Sorority, Inc.",Student-Initiated Service Group (SISG),$600,Student-Initiated Service Group (SISG),2
444,Alternative Breaks,Student-Initiated Service Group (SISG),"$5,400",Student-Initiated Service Group (SISG),21
445,America’s ToothFairy at Berkeley,Student-Initiated Service Group (SISG),$600,Student-Initiated Service Group (SISG),2
446,American Lung Cancer Screening Initiative at Berkeley,Student-Initiated Service Group (SISG),$600,Student-Initiated Service Group (SISG),2
447,American Red Cross at Cal,Student-Initiated Service Group (SISG),"$8,000",Student-Initiated Service Group (SISG),19
448,ANova (under Community Projects),Student-Initiated Service Group (SISG),SPONSORSHIP ONLY (ABSA),Student-Initiated Service Group (SISG),7
449,Be The Match On Campus at Berkeley,Student-Initiated Service Group (SISG),$100,Student-Initiated Service Group (SISG),7
450,Bears For Palestine,Student-Initiated Service Group (SISG),"$6,500",Student-Initiated Service Group (SISG),9
451,Berkeley Disaster Team,Student-Initiated Service Group (SISG),"$1,200",Student-Initiated Service Group (SISG),8
452,Berkeley Medical Reserve Corps,Student-Initiated Service Group (SISG),"$4,988",Student-Initiated Service Group (SISG),10
453,Bhagat Puran Singh Health Initiative at Berkeley,Student-Initiated Service Group (SISG),"$3,500",Student-Initiated Service Group (SISG),9
454,Blood Pressure Project,Student-Initiated Service Group (SISG),$900,Student-Initiated Service Group (SISG),9
455,"Blueprint, Technology for Nonprofits",Student-Initiated Service Group (SISG),"$4,800",Student-Initiated Service Group (SISG),10
456,Brain Exercise Initiative at Berkeley,Student-Initiated Service Group (SISG),$600,Student-Initiated Service Group (SISG),3
457,BUILD Literacy Program,Student-Initiated Service Group (SISG),$630,Student-Initiated Service Group (SISG),4
458,Cal Community Music,Student-Initiated Service Group (SISG),$671,Student-Initiated Service Group (SISG),38
459,Cal Habitat for Humanity (under Community Projects),Student-Initiated Service Group (SISG),SPONSORSHIP ONLY (ABSA),Student-Initiated Service Group (SISG),24
460,Cal Rotaract (under Community Projects),Student-Initiated Service Group (SISG),SPONSORSHIP ONLY (ABSA),Student-Initiated Service Group (SISG),20
461,California Public Interest Research Group,Student-Initiated Service Group (SISG),$500,Student-Initiated Service Group (SISG),3
462,Camp Kesem Berkeley,Student-Initiated Service Group (SISG),"$1,200",Student-Initiated Service Group (SISG),15
463,CASCADE: Community Service,Student-Initiated Service Group (SISG),$600,Student-Initiated Service Group (SISG),2
464,Central Americans for Empowerment at Berkeley,Student-Initiated Service Group (SISG),$650,Student-Initiated Service Group (SISG),1
465,Coalition of Concerned Medical Professionals at Berkeley,Student-Initiated Service Group (SISG),$500,Student-Initiated Service Group (SISG),2
466,Community Projects,Student-Initiated Service Group (SISG),"$100,000",Student-Initiated Service Group (SISG),54
467,Computer Science Mentors,Student-Initiated Service Group (SISG),$600,Student-Initiated Service Group (SISG),8
468,Comunidad for Health Equity,Student-Initiated Service Group (SISG),"$3,500",Student-Initiated Service Group (SISG),33
469,Coordinate,Student-Initiated Service Group (SISG),$600,Student-Initiated Service Group (SISG),2
470,Creative Residencies for Emerging Artists Teaching Empowerment,Student-Initiated Service Group (SISG),$800,Student-Initiated Service Group (SISG),11
471,Delta Epsilon Mu Inc. (Alpha Psi Chapter),Student-Initiated Service Group (SISG),$600,Student-Initiated Service Group (SISG),3
472,DeTrash@Berkeley,Student-Initiated Service Group (SISG),$571,Student-Initiated Service Group (SISG),2
473,Direct Action for Farmworkers at Berkeley,Student-Initiated Service Group (SISG),$600,Student-Initiated Service Group (SISG),2
474,Doctors Without Borders at Berkeley,Student-Initiated Service Group (SISG),$500,Student-Initiated Service Group (SISG),1
475,Educate a Child for Change Organization at Berkeley,Student-Initiated Service Group (SISG),$600,Student-Initiated Service Group (SISG),2
476,Engineers and Mentors of Berkeley (BEAM) [under ESC],Student-Initiated Service Group (SISG),SPONSORSHIP ONLY (ABSA),Student-Initiated Service Group (SISG),12
477,FeelGood,Student-Initiated Service Group (SISG),$600,Student-Initiated Service Group (SISG),4
478,Fighting for Hope at Berkeley,Student-Initiated Service Group (SISG),$530,Student-Initiated Service Group (SISG),2
479,Foundation for International Medical Relief of Children,Student-Initiated Service Group (SISG),$300,Student-Initiated Service Group (SISG),1
480,"G.I.F.T.E.D. (Give to Inspire the Future of Talented, Educated Doctors) Pre-Med",Student-Initiated Service Group (SISG),$500,Student-Initiated Service Group (SISG),2
481,Global Medical Missions Alliance at Berkeley,Student-Initiated Service Group (SISG),$600,Student-Initiated Service Group (SISG),7
482,Global Medical Training,Student-Initiated Service Group (SISG),$600,Student-Initiated Service Group (SISG),2
483,Heart at Berkeley [Formerly You're the Cure at Berkeley],Student-Initiated Service Group (SISG),$750,Student-Initiated Service Group (SISG),2
484,Helix @ Berkeley (under Community Projects),Student-Initiated Service Group (SISG),SPONSORSHIP ONLY (ABSA),Student-Initiated Service Group (SISG),2
485,Indigenous and Native Coalition (INC) Recruitment and Retention Center,Student-Initiated Service Group (SISG),SPONSORSHIP ONLY (ABSA),Student-Initiated Service Group (SISG),1
486,Iu-Mien Student Union,Student-Initiated Service Group (SISG),$650,Student-Initiated Service Group (SISG),3
487,Jakara Movement Club at Berkeley,Student-Initiated Service Group (SISG),$500,Student-Initiated Service Group (SISG),6
488,Labor Coach Program,Student-Initiated Service Group (SISG),"$1,600",Student-Initiated Service Group (SISG),13
489,"Lambda Theta Alpha Latin Sorority, Inc.",Student-Initiated Service Group (SISG),$600,Student-Initiated Service Group (SISG),14
490,League of Filipino Students,Student-Initiated Service Group (SISG),$650,Student-Initiated Service Group (SISG),2
491,Lean On Me At Berkeley,Student-Initiated Service Group (SISG),$600,Student-Initiated Service Group (SISG),4
492,Medical Volunteering Association at Berkeley,Student-Initiated Service Group (SISG),$500,Student-Initiated Service Group (SISG),2
493,MEDLIFE,Student-Initiated Service Group (SISG),"$2,400",Student-Initiated Service Group (SISG),13
494,MOVE: AA Community Organizing Fellowship (Formerly known as: MOVE: API Organizing Fellowship),Student-Initiated Service Group (SISG),"$3,000",Student-Initiated Service Group (SISG),6
495,"Music Connection, The (under Community Projects)",Student-Initiated Service Group (SISG),SPONSORSHIP ONLY (ABSA),Student-Initiated Service Group (SISG),7
496,Oakland Asian Student Educational Services (under Community Projects),Student-Initiated Service Group (SISG),SPONSORSHIP ONLY (ABSA),Student-Initiated Service Group (SISG),21
497,Paper Crane (under Community Projects),Student-Initiated Service Group (SISG),SPONSORSHIP ONLY (ABSA),Student-Initiated Service Group (SISG),4
498,Patient Advocacy Student Group,Student-Initiated Service Group (SISG),"$1,500",Student-Initiated Service Group (SISG),12
499,Paws for Mental Health (Formerly De-Stress with Dogs),Student-Initiated Service Group (SISG),"$1,000",Student-Initiated Service Group (SISG),5
500,Paws Up,Student-Initiated Service Group (SISG),$500,Student-Initiated Service Group (SISG),2
501,Power of a Princess,Student-Initiated Service Group (SISG),$600,Student-Initiated Service Group (SISG),3
502,POWER-Bay Area: Physical science Opportunities for Women in Education and Research,Student-Initiated Service Group (SISG),$600,Student-Initiated Service Group (SISG),3
503,Project Lux at Berkeley,Student-Initiated Service Group (SISG),$500,Student-Initiated Service Group (SISG),1
504,"Project RISHI, The Berkeley Chapter",Student-Initiated Service Group (SISG),$728,Student-Initiated Service Group (SISG),16
505,Project Spreading Multiculturalism and Inspiring Leadership through Education,Student-Initiated Service Group (SISG),"$3,600",Student-Initiated Service Group (SISG),14
506,Queer Alliance & Resource Center,Student-Initiated Service Group (SISG),"$50,000",Student-Initiated Service Group (SISG),55
507,Renters' Legal Assistance (Formerly ASUC Renters' Legal Assistance),Student-Initiated Service Group (SISG),$452,Student-Initiated Service Group (SISG),41
508,"Sigma Pi Alpha Sorority, Inc.",Student-Initiated Service Group (SISG),"$1,200",Student-Initiated Service Group (SISG),14
509,Socra Medica,Student-Initiated Service Group (SISG),$400,Student-Initiated Service Group (SISG),1
510,Southeast Asian Mentorship,Student-Initiated Service Group (SISG),"$1,500",Student-Initiated Service Group (SISG),14
511,Southeast Asian Student Coalition,Student-Initiated Service Group (SISG),"$12,600",Student-Initiated Service Group (SISG),16
512,Student Parent Food Donations Program,Student-Initiated Service Group (SISG),$250,Student-Initiated Service Group (SISG),3
513,Student to Student Peer Counseling,Student-Initiated Service Group (SISG),SPONSORSHIP ONLY (ABSA),Student-Initiated Service Group (SISG),31
514,Suitcase Clinic (under Community Projects),Student-Initiated Service Group (SISG),SPONSORSHIP ONLY (ABSA),Student-Initiated Service Group (SISG),25
515,Teach in Prison,Student-Initiated Service Group (SISG),$750,Student-Initiated Service Group (SISG),2
516,The Berkeley Group,Student-Initiated Service Group (SISG),"$4,000",Student-Initiated Service Group (SISG),21
517,The Berkeley Project (under Community Projects),Student-Initiated Service Group (SISG),SPONSORSHIP ONLY (ABSA),Student-Initiated Service Group (SISG),17
518,The Period Project at Berkeley,Student-Initiated Service Group (SISG),"$3,000",Student-Initiated Service Group (SISG),4
519,"Sage Mentorship Project, The (under Community Projects)",Student-Initiated Service Group (SISG),SPONSORSHIP ONLY (ABSA),Student-Initiated Service Group (SISG),11
520,Sikh Students Association,Student-Initiated Service Group (SISG),"$2,000",Student-Initiated Service Group (SISG),22
521,Undergraduate Street Medicine Outreach,Student-Initiated Service Group (SISG),$500,Student-Initiated Service Group (SISG),2
522,Underground Scholars Initiative,Student-Initiated Service Group (SISG),"$2,500",Student-Initiated Service Group (SISG),6
523,UNICEF at Berkeley,Student-Initiated Service Group (SISG),$480,Student-Initiated Service Group (SISG),20
524,United for Health at Berkeley,Student-Initiated Service Group (SISG),$650,Student-Initiated Service Group (SISG),1
525,Universities Allied for Essential Medicines,Student-Initiated Service Group (SISG),$920,Student-Initiated Service Group (SISG),9
526,Vietnamese Student Association,Student-Initiated Service Group (SISG),"$15,000",Student-Initiated Service Group (SISG),32
527,Volunteer Health Interpreters Organization,Student-Initiated Service Group (SISG),"$5,600",Student-Initiated Service Group (SISG),17
528,Volunteer Income Tax Assistance Program,Student-Initiated Service Group (SISG),"$1,000",Student-Initiated Service Group (SISG),11
529,Volunteers for Medical Outreach,Student-Initiated Service Group (SISG),"$2,800",Student-Initiated Service Group (SISG),11
530,You Mean More,Student-Initiated Service Group (SISG),"$1,218",Student-Initiated Service Group (SISG),12
531,Chief-of-Staff Stipend,OP,"$2,000",Office of the President,
532,President Discretionary Fund,OP,"$5,000",Office of the President,
533,President Stipend,OP,"$4,000",Office of the President,
534,Chief-of-Staff Stipend,EVP,"$2,000",Office of the Executive Vice President,
535,EVP Discretionary Fund,EVP,"$2,000",Office of the Executive Vice President,
536,EVP Spaces Director Stipend,EVP,$500,Office of the Executive Vice President,
537,EVP Stipend,EVP,"$4,000",Office of the Executive Vice President,
538,Senate Vice Chair,EVP,$300,Office of the Executive Vice President,
539,Co-Campus Organizing Directors Stipend,EAVP,"$2,000",Office of External Affairs Vice President,
540,Chief-of-Staff Stipend,EAVP,"$2,000",Office of External Affairs Vice President,
541,EAVP Discretionary Fund,EAVP,"$44,000",Office of External Affairs Vice President,
542,EAVP Stipend,EAVP,"$4,000",Office of External Affairs Vice President,
543,Co-Legislative Affairs Directors Stipend,EAVP,"$2,000",Office of External Affairs Vice President,
544,Legislative Conference,EAVP,"$20,000",Office of External Affairs Vice President,
545,AAVP Discretionary Fund,AAVP,"$5,000",Office of the Academic Affairs Vice President,
546,AAVP Stipend,AAVP,"$4,000",Office of the Academic Affairs Vice President,
547,Chief-of-Staff Stipend,AAVP,"$2,000",Office of the Academic Affairs Vice President,
548,Director Stipends,AAVP,"$3,000",Office of the Academic Affairs Vice President,
549,ASUC Professional Development,SEN,"$15,000",Senate,
550,ASUC Conference,SEN,"$5,000",Senate,
551,Senate Leadership Institute / Senate Meetings,SEN,"$5,000",Senate,
552,Senator Discretionary Funds ($750.00 each),SEN,"$15,750",Senate,
553,Senator Stipends ($2500.00 each),SEN,"$52,500",Senate,
554,Student Union Board of Directors Chair Stipend,AOFR,"$3,000",Appointed Officials,
555,Chief Appointed Officials Support Staff Stipends ,AOFR,"$2,500",Appointed Officials,
556,Chief Communications Officer Stipend,AOFR,"$3,000",Appointed Officials,
557,Chief Financial Officer Stipend,AOFR,"$3,000",Appointed Officials,
558,Chief Legal Officer Stipend,AOFR,"$3,000",Appointed Officials,
559,Chief Personnel Officer Stipend,AOFR,"$3,000",Appointed Officials,
560,Chief Technology Officer Stipend,AOFR,"$3,000",Appointed Officials,
561,Judicial Council Chair Stipend,AOFR,"$1,000",Appointed Officials,
562,Judicial Council Assistant Chair Stipend,AOFR,$500,Appointed Officials,
563,Judicial Council Undergraduate Stipends (7 x $300),AOFR,"$2,100",Appointed Officials,
564,Judicial Council Office,AOFR,$300,Appointed Officials,
565,Communications Office,AOFR,"$5,000",Appointed Officials,
566,Finance Office,AOFR,"$2,500",Appointed Officials,
567,Legal Office,AOFR,$600,Appointed Officials,
568,Personnel Office,AOFR,"$4,640",Appointed Officials,
569,Technology Office,AOFR,"$2,700",Appointed Officials,
570,SU Board Undergraduate Team,AOFR,"$2,000",Appointed Officials,
571,Public Defender Stipend,AOFR,$150,Appointed Officials,
572,Archives,OPRS,"$5,000",Operations,
573,ASUC Administrative Office,OPRS,"$84,000",Operations,
574,ASUC End of Year Banquet,OPRS,"$7,500",Operations,
575,Audit,OPRS,"$30,000",Operations,
576,Bank Fee,OPRS,"$1,000",Operations,
577,Big Ideas,OPRS,"$15,000",Operations,
578,Capital Improvement Fund,OPRS,"$40,000",Operations,
579,Contingency Fund,OPRS,"$100,000",Operations,
580,Legal Fee,OPRS,"$30,000",Operations,
581,Space Reservation Fund,OPRS,"$75,000",Operations,
582,Elections Council - 2 Director Stipends ($150.00 each),ELCT,$300,Elections,
583,Elections Council - 3 Auditor/Prosecutor Assistant Stipends ($100.00 each),ELCT,$300,Elections,
584,Elections Council - Assistant Chair Stipend,ELCT,$500,Elections,
585,Elections Council - Chair Stipend,ELCT,"$2,000",Elections,
586,Elections Council - Chief Auditor Stipend,ELCT,$500,Elections,
587,Elections Council - Prosecutor Stipend,ELCT,$500,Elections,
588,Elections Operations,ELCT,"$4,000",Elections,
589,D&O Insurance,GEN,"$3,000",External Expenditures,
590,GL Insurance,GEN,"$20,000",External Expenditures,
